,dataset,target,target_name,avg_precision,precision_folds,avg_recall,recall_folds,avg_f1,f1_folds,avg_geometric_mean,geometric_mean_folds,avg_specificity,specificity_folds
0,imdb,target1,imdb_score,0.4273285863154399,"[0.44233258396348524, 0.43148341250531025, 0.42746452068946766, 0.43653566229985447, 0.3988267521190821]",0.49187713172586767,"[0.5082948802460997, 0.4914540816326531, 0.48012815897472816, 0.5081062194269741, 0.4714023183488833]",0.4558900233782978,"[0.47176978746531645, 0.4586612758310871, 0.45180348258706465, 0.46843033509700177, 0.4287852359110193]",0.0,"[0.0, 0.0, 0.0, 0.0, 0.0]",0.7256610153957028,"[0.729626572086671, 0.7323557463042442, 0.7241224122412241, 0.7286003952670619, 0.7135999510793126]"
1,imdb,target3,gross,0.5284179767095695,"[0.8214765100671141, 0.32486631016042783, 0.33065595716198126, 0.34203480589022756, 0.8230563002680965]",0.5014926001262537,"[0.5055762081784386, 0.5, 0.5, 0.5, 0.5018867924528302]",0.3993488767023298,"[0.40236928104575165, 0.3938411669367909, 0.3980660757453666, 0.4062003179650238, 0.3962675418187162]",0.033406902650941914,"[0.10560500157131444, 0.0, 0.0, 0.0, 0.061429511683395124]",0.5014926001262537,"[0.5055762081784386, 0.5, 0.5, 0.5, 0.5018867924528302]"
2,imdb,target2,content_rating,0.10771243669614561,"[0.08230637509474216, 0.14192524173762447, 0.08345983021307697, 0.12210288993646239, 0.10876784649882205]",0.15021819212422774,"[0.14056956115779645, 0.175850401399753, 0.14320889646181054, 0.14788919940818676, 0.14357290219359184]",0.10847525341882965,"[0.08873832079474739, 0.15470569631153572, 0.09577946039036156, 0.10392198127637416, 0.09923080832112943]",0.0,"[0.0, 0.0, 0.0, 0.0, 0.0]",0.8625949762748688,"[0.8559701043722628, 0.8795939883160856, 0.8586631137733342, 0.8606294556833312, 0.8581182192293303]"
3,mushroom,target1,Class,0.9995716108757614,"[1.0, 0.9992846924177397, 0.9992805755395684, 0.9992927864214993, 1.0]",0.9993016897616585,"[1.0, 0.9988399071925754, 0.9988505747126437, 0.9988179669030732, 1.0]",0.999436090377374,"[1.0, 0.9990613701003561, 0.9990646548046006, 0.9990544269819135, 1.0]",0.9993012828682225,"[1.0, 0.9988392335031453, 0.9988499133630073, 0.9988172674749604, 1.0]",0.9993016897616585,"[1.0, 0.9988399071925754, 0.9988505747126437, 0.9988179669030732, 1.0]"
4,mushroom,target3,habitat,0.613951951084382,"[0.6312366474575427, 0.6026479887762136, 0.6182287210967459, 0.6196791177280107, 0.5979672803633973]",0.6140563584725017,"[0.6390315654364739, 0.6000596551197971, 0.6113804827057098, 0.6322261853951995, 0.5875839037053284]",0.6096380274887003,"[0.6314565572094912, 0.5879722304715119, 0.6144922538253244, 0.6234395535496222, 0.5908295423875517]",0.5521308257807481,"[0.596546047469457, 0.49791957363368844, 0.561344019221498, 0.5703712276549525, 0.5344732609241445]",0.9254279144266817,"[0.9283964775790895, 0.9199336806598751, 0.9253027211882521, 0.9298494922973739, 0.9236572004088179]"
5,mushroom,target2,population,0.5256364480187014,"[0.5304540205951177, 0.518341394024658, 0.5459099171420161, 0.5150535857608255, 0.5184233225708895]",0.5170213902238086,"[0.5188038535034195, 0.509873507676231, 0.51311952239881, 0.5428018286451579, 0.5005082388954241]",0.5143484610087107,"[0.5168181254433779, 0.5127522085503496, 0.5222879919735814, 0.5220789569559866, 0.4978050221202581]",0.47619870200778963,"[0.4681519926552383, 0.4877741008230103, 0.48118199909497505, 0.5049555255023559, 0.4389298919633685]",0.8717104191898926,"[0.8754060150605895, 0.8727452377799102, 0.8723632688189048, 0.8705727996062481, 0.8674647746838101]"
6,census,target1,income,0.755906390161539,"[0.7547477227849284, 0.740293970081464, 0.7679045111673792, 0.7526460824443226, 0.7639396643296008]",0.614894392274544,"[0.6124005533943166, 0.6118731128038823, 0.6108802352323724, 0.6193163385846313, 0.6200017213575169]",0.6302183381328287,"[0.6266450808598407, 0.6272985312080389, 0.6247259864487844, 0.6364022906462685, 0.6360198015012108]",0.5056408335247407,"[0.5005797269741455, 0.5032628987770614, 0.49369829507719326, 0.5160293307445898, 0.5146339160507135]",0.614894392274544,"[0.6124005533943166, 0.6118731128038823, 0.6108802352323724, 0.6193163385846313, 0.6200017213575169]"
7,census,target3,workclass,0.13936702152938202,"[0.1409691106853913, 0.1560459664517764, 0.13704582608237093, 0.1392000579340186, 0.12357414649335297]",0.1444274691110151,"[0.14442272952167592, 0.14559362025135766, 0.14368361566715462, 0.1449250208034965, 0.14351235931139078]",0.12445404886394922,"[0.12452056864230816, 0.12716205051785764, 0.12301183384151781, 0.12539211806570394, 0.12218367325235842]",0.0,"[0.0, 0.0, 0.0, 0.0, 0.0]",0.8574350141641778,"[0.85730621244423, 0.857663124881137, 0.8572686469250039, 0.8574792334474581, 0.8574578531230594]"
8,census,target2,marital-status,0.06653223478597804,"[0.06631580611003114, 0.06584167022268582, 0.06729568694387812, 0.06599971551846759, 0.06720829513482755]",0.14285714285714285,"[0.14285714285714285, 0.14285714285714285, 0.14285714285714285, 0.14285714285714285, 0.14285714285714285]",0.090782380902154,"[0.09058233040099305, 0.09013901660626386, 0.09149217331514091, 0.09028701151289119, 0.09141137267548102]",0.0,"[0.0, 0.0, 0.0, 0.0, 0.0]",0.8571428571428571,"[0.8571428571428571, 0.8571428571428571, 0.8571428571428571, 0.8571428571428571, 0.8571428571428571]"
9,bank,target1,y,0.7980079365593821,"[0.7798297436851653, 0.8381874286680475, 0.8334573412698413, 0.7706255116582275, 0.7679396575156292]",0.6931942094555295,"[0.6823928928777174, 0.6920565571212521, 0.7052045177045176, 0.6970091601368502, 0.6893079194373095]",0.7295348240945122,"[0.7176535087719298, 0.7376671416876384, 0.7487569190355569, 0.7248931623931624, 0.7187033885842735]",0.6346545318237891,"[0.6164959947009945, 0.6286140915672024, 0.6495239482739334, 0.6460085184030038, 0.6326301061738108]",0.6931942094555295,"[0.6823928928777174, 0.6920565571212521, 0.7052045177045176, 0.6970091601368502, 0.6893079194373095]"
10,bank,target3,housing,0.5382705953121081,"[0.5512682841885304, 0.549298128342246, 0.525242718446602, 0.528066260406832, 0.5374775851763299]",0.5285272053445265,"[0.5372082736540568, 0.5403174936921783, 0.5141483516483516, 0.5244928094504365, 0.5264690982776089]",0.5047365646942992,"[0.5124723604201216, 0.5246418817234267, 0.46844649050043, 0.5182676478451126, 0.4998544429824051]",0.459993558457031,"[0.4695527887079746, 0.4966773536291684, 0.39258232145739713, 0.48988222225296857, 0.45127310623764616]",0.5285272053445265,"[0.5372082736540568, 0.5403174936921783, 0.5141483516483516, 0.5244928094504365, 0.5264690982776089]"
11,bank,target2,loan,0.41796116504854364,"[0.4166666666666667, 0.42071197411003236, 0.42961165048543687, 0.4110032362459547, 0.41181229773462785]",0.5,"[0.5, 0.5, 0.5, 0.5, 0.5]",0.455284901142093,"[0.45454545454545453, 0.45694200351493847, 0.46214099216710186, 0.4511545293072824, 0.45164152617568765]",0.0,"[0.0, 0.0, 0.0, 0.0, 0.0]",0.5,"[0.5, 0.5, 0.5, 0.5, 0.5]"
12,intention,target1,Revenue,0.8011514271089201,"[0.804264179584615, 0.7903046960959341, 0.805639410532185, 0.7770622155374719, 0.8284866337943948]",0.6662996320189023,"[0.6585216232211974, 0.6741438998207416, 0.6813558621081826, 0.6535562422274236, 0.6639205327169666]",0.703704889957359,"[0.6970353401949562, 0.7094697739073033, 0.7191110309515937, 0.6884935961542441, 0.7044147085786983]",0.5912967817224584,"[0.5771336416869475, 0.606867962726201, 0.6166435972453049, 0.5718196362832793, 0.5840190706705586]",0.6662996320189023,"[0.6585216232211974, 0.6741438998207416, 0.6813558621081826, 0.6535562422274236, 0.6639205327169666]"
13,intention,target3,SpecialDay,0.14948684453848998,"[0.1482858323007022, 0.14831615120274913, 0.14989690721649485, 0.15064631463146314, 0.15028901734104047]",0.16655917714728508,"[0.16635773864689526, 0.16666666666666666, 0.16666666666666666, 0.1665906326034063, 0.16651418115279049]",0.1575602344762566,"[0.15680279537016814, 0.15695686959051566, 0.15783760312635692, 0.15821779318313114, 0.1579861111111111]",0.0,"[0.0, 0.0, 0.0, 0.0, 0.0]",0.8332351801283119,"[0.8330525667278255, 0.8333333333333334, 0.8333333333333334, 0.8332637439109255, 0.8331929233361416]"
14,intention,target2,VisitorType,0.626968861387884,"[0.6979206531445337, 0.5860248447204969, 0.5538086342880864, 0.6002360127724559, 0.6968541620138468]",0.5062705301219996,"[0.5085250297400731, 0.5031512796243037, 0.5028762970379965, 0.5084192605160587, 0.5083807836915655]",0.4782012372341079,"[0.48022051510682806, 0.4744227772534732, 0.47146055854040536, 0.4855615271263193, 0.47934080814351343]",0.12836035964165765,"[0.14101533808353786, 0.09789550819787114, 0.10705516994863255, 0.15581481121495858, 0.14002097076328812]",0.5062705301219996,"[0.5085250297400731, 0.5031512796243037, 0.5028762970379965, 0.5084192605160587, 0.5083807836915655]"
15,anuran,target1,Family,0.6805077773806103,"[0.6769130781315886, 0.6645579111105828, 0.6769771241830066, 0.6880496148760677, 0.6960411586018055]",0.6908060789776487,"[0.696687640696239, 0.6834717081282177, 0.6947484084496566, 0.6861958129127859, 0.6929268247013444]",0.6853862503746333,"[0.6864294488513278, 0.6737037223133897, 0.6853299188110459, 0.6870698136979669, 0.6943983481994362]",0.0,"[0.0, 0.0, 0.0, 0.0, 0.0]",0.968720158567028,"[0.9691472271331615, 0.963079596815224, 0.9688656569496841, 0.9717805557305297, 0.9707277562065411]"
16,anuran,target3,Species,0.9129413225840537,"[0.9441136073859185, 0.8975904776556609, 0.9141842034312294, 0.8777851675754057, 0.9310331568720537]",0.7812984805633025,"[0.7780042201626521, 0.7915459084626697, 0.7592234639842665, 0.7908226303056531, 0.786896179901271]",0.8069892640016267,"[0.8076828956452424, 0.7997968991132746, 0.7875866290889277, 0.8209927470879175, 0.8188871490727708]",0.6868752013891126,"[0.6816254809801972, 0.6569226442681536, 0.6567741191658403, 0.7284748746207791, 0.7105788879105931]",0.993207570547705,"[0.9939607881100899, 0.9924318244628096, 0.9924190706180598, 0.9940974867924666, 0.9931286827550995]"
17,anuran,target2,Genus,0.7962577414658628,"[0.8276688289515868, 0.7849537331827208, 0.7831327912847613, 0.7881049535656931, 0.7974284003445516]",0.6848057746277957,"[0.7006605038957137, 0.7169836020281719, 0.6633980451711479, 0.6701333217723507, 0.6728534002715941]",0.7166464442321054,"[0.7360512802258441, 0.7423950610375234, 0.6959701645639698, 0.7011640575575633, 0.7076516577756262]",0.0,"[0.0, 0.0, 0.0, 0.0, 0.0]",0.9866334978185678,"[0.9874874439679429, 0.9867056355781857, 0.9845512243829286, 0.9879700554614623, 0.9864531297023196]"
18,telco,target1,Churn,0.7481304967022357,"[0.7458251537756838, 0.7804897564758707, 0.7690296421906233, 0.7105109446415794, 0.7347969864274212]",0.7125060001861592,"[0.7165238716891306, 0.720681063726238, 0.7275295977694511, 0.6832082799568922, 0.7145871877890841]",0.7255273324002242,"[0.7287937835418001, 0.7388149518180478, 0.7434387797153322, 0.6934021122502798, 0.7231870346756613]",0.6870283330405437,"[0.6908615569039918, 0.6915391854206732, 0.7030491278364993, 0.6552285924991325, 0.6944632025424216]",0.7125060001861592,"[0.7165238716891306, 0.720681063726238, 0.7275295977694511, 0.6832082799568922, 0.7145871877890841]"
19,telco,target3,PaymentMethod,0.3992677804232723,"[0.3964663979741113, 0.39611811734936025, 0.38416933889156113, 0.393165308257504, 0.426419739643825]",0.38274434179337524,"[0.38206790598744544, 0.3723928962850378, 0.37987124326069616, 0.37721452375855713, 0.4021751396751397]",0.3623843019772936,"[0.3592864495263448, 0.35056627489137093, 0.34844886264936203, 0.35920937522781954, 0.3944105475915707]",0.30284878294442336,"[0.3055501691194267, 0.28906617008645974, 0.28372369883421067, 0.2942522455744584, 0.34165163110756125]",0.8001428522646256,"[0.7992330820390535, 0.7968467671809211, 0.7980501476811224, 0.7987202006609145, 0.807864063761116]"
20,telco,target2,Contract,0.628272655174462,"[0.6509706846613524, 0.628426559532414, 0.6651073832459858, 0.5984379690262043, 0.5984206794063528]",0.6241346594564066,"[0.6422688775229609, 0.6189293720401353, 0.6534976282011855, 0.6019979051634007, 0.6039795143543507]",0.6097500612468525,"[0.6324329405109294, 0.6166652002555113, 0.6438448267824821, 0.5721601344662332, 0.5836472042191064]",0.5171903204606101,"[0.5529776105607977, 0.5427368486599166, 0.56715107073658, 0.43098500468980905, 0.4921010676559472]",0.8404439607672485,"[0.8491952712863086, 0.8364567385183334, 0.8573424430896012, 0.8339861892490369, 0.8252391616929621]"
21,paris,target1,category,0.43674999999999997,"[0.436, 0.43725, 0.4385, 0.43425, 0.43775]",0.5,"[0.5, 0.5, 0.5, 0.5, 0.5]",0.46623830373604536,"[0.4658119658119658, 0.46652440650840227, 0.4672349493873202, 0.46481134599946483, 0.46680885097307384]",0.0,"[0.0, 0.0, 0.0, 0.0, 0.0]",0.5,"[0.5, 0.5, 0.5, 0.5, 0.5]"
22,paris,target3,hasStorageRoom,0.3948278428825906,"[0.4769579138415177, 0.2485, 0.254, 0.49398597093036045, 0.500695329641075]",0.49516483007621304,"[0.4784472878436177, 0.5, 0.5, 0.496717356601894, 0.5006595059355534]",0.4121723199772361,"[0.4677638866909321, 0.331997327989312, 0.33687002652519893, 0.4299180787790372, 0.4943122799017]",0.2627539132648352,"[0.46119237110498906, 0.0, 0.0, 0.3649521958567054, 0.48762499936248144]",0.49516483007621304,"[0.4784472878436177, 0.5, 0.5, 0.496717356601894, 0.5006595059355534]"
23,paris,target2,isNewBuilt,0.40175034683750754,"[0.247, 0.24475, 0.5086664632285627, 0.5105250335665082, 0.497810237392467]",0.5028083839861884,"[0.5, 0.5, 0.5085205453149002, 0.5076930772308923, 0.49782829738515]",0.42617222697027124,"[0.33065595716198126, 0.328633769721383, 0.5061624304035316, 0.4694746652825021, 0.4959343122819584]",0.28723479969747867,"[0.0, 0.0, 0.5043404395781242, 0.43627071051486055, 0.4955628483944087]",0.5028083839861884,"[0.5, 0.5, 0.5085205453149002, 0.5076930772308923, 0.49782829738515]"
24,smoking,target1,smoking,0.6910569629916367,"[0.6926160236610472, 0.6847084139625308, 0.6968360137316928, 0.6896830288554561, 0.6914413347474568]",0.6741587558216751,"[0.6768894646306672, 0.6689993119280021, 0.6798570920579763, 0.674484832325928, 0.6705630781658012]",0.6791737391946014,"[0.6818213683008634, 0.6738080595947757, 0.6851658566815617, 0.6792871932536737, 0.6757862181421324]",0.6574094516431952,"[0.6612690987416815, 0.6521281458690253, 0.6637343641119027, 0.6588135444510652, 0.651102105042301]",0.6741587558216751,"[0.6768894646306672, 0.6689993119280021, 0.6798570920579763, 0.674484832325928, 0.6705630781658012]"
25,smoking,target3,dental caries,0.5132380658693946,"[0.4941163260723108, 0.8927048260381594, 0.39157032214614435, 0.3915141991244809, 0.3962846559658772]",0.5000054966216283,"[0.4999802328122039, 0.5002613695765813, 0.49992834623101173, 0.49992833596101477, 0.49992919852732937]",0.44040802887128805,"[0.44120650732791056, 0.44042691663060507, 0.43916409643104426, 0.43912879264761423, 0.4421138313192661]",0.009175479312748076,"[0.02301390704086632, 0.02286348952287406, 0.0, 0.0, 0.0]",0.5000054966216283,"[0.4999802328122039, 0.5002613695765813, 0.49992834623101173, 0.49992833596101477, 0.49992919852732937]"
26,smoking,target2,tartar,0.5594843804756262,"[0.5608107241723432, 0.5640510161497588, 0.5615809560283941, 0.5428848002101958, 0.5680944058174395]",0.5300401931039481,"[0.5309746653326508, 0.5304221358586252, 0.5309826635630519, 0.5237616289835454, 0.5340598717818674]",0.4826189109476321,"[0.4840991885407685, 0.4786599680175532, 0.48173856648407265, 0.481872362782603, 0.48672446891316323]",0.3984702428200039,"[0.40013016578740696, 0.38868193453117184, 0.3982980826208186, 0.403508522094908, 0.40173250906571406]",0.5300401931039481,"[0.5309746653326508, 0.5304221358586252, 0.5309826635630519, 0.5237616289835454, 0.5340598717818674]"
27,flight,target1,satisfaction,0.7745023881464126,"[0.7822748077438509, 0.7702541397344327, 0.7756171691441325, 0.7724619297371311, 0.7719038943725157]",0.7776956544787493,"[0.7859226146607088, 0.7742178474173287, 0.7770579586082671, 0.7761423665108433, 0.7751374851965991]",0.7753725766560595,"[0.7833120101442601, 0.771148157907291, 0.7762455662801813, 0.7734587870199918, 0.7726983619285732]",0.7776411604025808,"[0.7859174201395553, 0.774187805647446, 0.7768386149952324, 0.7761382831607481, 0.7751236780699224]",0.7776956544787493,"[0.7859226146607088, 0.7742178474173287, 0.7770579586082671, 0.7761423665108433, 0.7751374851965991]"
28,flight,target3,Class,0.5082980260731591,"[0.44218186946028876, 0.7748900124375012, 0.44426355574283605, 0.44044295348554985, 0.43971173923961987]",0.4753693921682623,"[0.4742969806551159, 0.47614527071577806, 0.4786097544134659, 0.47499058104287545, 0.472804374014076]",0.4573713696182196,"[0.4565110757708662, 0.45802723487290686, 0.46064496165645646, 0.456277479431316, 0.4553960963595524]",0.012875874943545728,"[0.0, 0.06437937471772864, 0.0, 0.0, 0.0]",0.7899975456164678,"[0.7894834749737877, 0.790110698406021, 0.7929297656491583, 0.7891804110021156, 0.7882833780512568]"
29,flight,target2,Customer Type,0.7919388123715343,"[0.7675367500764141, 0.8060179668428151, 0.8142576238660109, 0.7831296370005627, 0.7887520840718689]",0.6688190993065775,"[0.6964556200156822, 0.6508372211007956, 0.669449629166011, 0.6593642968344577, 0.6679887294159406]",0.701431743630716,"[0.7219935912115845, 0.6858063247149448, 0.7059499299292816, 0.692028685838934, 0.7013801864588348]",0.5985674190684239,"[0.6499992544423772, 0.5643118114631726, 0.5965512037567727, 0.5838571369212205, 0.5981176887585766]",0.6688190993065775,"[0.6964556200156822, 0.6508372211007956, 0.669449629166011, 0.6593642968344577, 0.6679887294159406]"
